{
  "week": "2026-W25",
  "trading_days": 6,
  "total_trades": 21,
  "avg_win_rate": 36.666666666666664,
  "avg_entry_slippage": 0.015409886936465722,
  "avg_exit_vs_hod": 0.0,
  "avg_hold_time": 49.1,
  "avg_early_exit_rate": 8.333333333333334
}